INSERT INTO users (id, name, age) VALUES 
(1, 'bob1', 1),
(2, 'bob2', 1),
(3, 'bob3', 1),
(4, 'bob4', 1),
(5, 'bob5', 2),
(6, 'bob6', 2),
(7, 'bob7', 2),
(8, 'bob8', 99),
(9, 'bob9', 99), 
(10, 'bob10', 99),
(11, 'bob12', 99),
(12, 'bob13', 99), 
(13, 'bob14',99), 
(14, 'bob15', 99), 
(15, 'bob16', 99), 
(16, 'bob17', 99),
(17, 'bob18', 99),
(18, 'bob19', 99),
(19, 'bob20', 99),
(20, 'Katie', 24);

INSERT INTO projects (id, title, category, funding_goal, start_date, end_date) VALUES
(1, 'sleep', 'all', 100000.00, '4-01-01', '3102-01-01'),
(2, 'sleep', 'all', 100000.00, '4-01-01', '3102-01-01'),
(3, 'sleep', 'all', 100000.00, '4-01-01', '3102-01-01'),
(4, 'sleep', 'all', 100000.00, '4-01-01', '3102-01-01'),
(5, 'sleep', 'all', 100000.00, '4-01-01', '3102-01-01'),
(6, 'sleep', 'all', 100000.00, '4-01-01', '3102-01-01'),
(7, 'sleep', 'all', 100000.00, '4-01-01', '3102-01-01'),
(8, 'sleep', 'all', 100000.00, '4-01-01', '3102-01-01'),
(9, 'sleep', 'all', 100000.00, '4-01-01', '3102-01-01'),
(10, 'sleep', 'all', 100000.00, '4-01-01', '3102-01-01');

INSERT INTO pledges (id, amount, user_id, project_id) VALUES
(1, 10.00, 1, 2),
(2, 20.00, 1, 3),
(3, 30.00, 1, 4),
(4, 40.00, 2, 3),
(5, 50.00, 3, 2),
(6, 60.00, 4, 4),
(7, 70.00, 5, 10),
(8, 80.00, 6, 10),
(9, 90.00, 7, 9),
(10, 100.00, 8, 8),
(11, 200.00, 8, 7),
(12, 400.00, 9, 6),
(13, 500.00, 9, 3),
(14, 600.00, 10, 4),
(15, 700.00, 12, 1),
(16, 800.00, 11, 1),
(17, 12.00, 13, 6),
(18, 1.00, 14, 5),
(19, 1.00, 15, 5),
(20, 1.00, 16, 6),
(21, 1.50, 17, 7),
(22, 1.00, 18, 8),
(23, 1.00, 19, 9),
(24, 1.00, 20, 10),
(25, 1.00, 20, 4),
(26, 1.00, 19, 1),
(27, 1.00, 18, 6),
(28, 99999999.00, 17, 9),
(29, 1.00, 16, 6),
(30, 450.00, 15, 5);
